ProductID,ProductName,Category,SubCategory
P-01,Situation Pape,Office Supplies,Paper
P-02,Gas Chair,Furniture,Chairs
P-03,Talk Table,Furniture,Tables
P-04,Stay Monitor,Technology,Monitors
P-05,Before Phone,Technology,Phones
P-06,Happy Pen,Office Supplies,Pens
P-07,Air Pape,Office Supplies,Paper
P-08,Eye Monitor,Technology,Monitors
P-09,Catch Pape,Office Supplies,Paper
P-10,Sport Pape,Office Supplies,Paper
P-11,Stop Phone,Technology,Phones
P-12,Yeah Bookcase,Furniture,Bookcases
P-13,Capital Table,Furniture,Tables
P-14,No Binder,Office Supplies,Binders
P-15,Assume Table,Furniture,Tables
P-16,Them Laptop,Technology,Laptops
P-17,Degree Pen,Office Supplies,Pens
P-18,She Monitor,Technology,Monitors
P-19,Agency Binder,Office Supplies,Binders
P-20,Him Chair,Furniture,Chairs
P-21,Board Pen,Office Supplies,Pens
P-22,Finally Pen,Office Supplies,Pens
P-23,Wait Phone,Technology,Phones
P-24,Either Monitor,Technology,Monitors
P-25,Owner Phone,Technology,Phones
P-26,Whether Monitor,Technology,Monitors
P-27,Present Table,Furniture,Tables
P-28,Build Monitor,Technology,Monitors
P-29,Building Laptop,Technology,Laptops
P-30,Data Table,Furniture,Tables
P-31,Beautiful Pape,Office Supplies,Paper
P-32,Team Table,Furniture,Tables
P-33,Attorney Phone,Technology,Phones
P-34,Street Monitor,Technology,Monitors
P-35,Yet Phone,Technology,Phones
